Alex <allejok96@gmail.com>
Alexandre Almeida <wilsalx@gmail.com>
Alexandre Almeida <wilsalx@gmail.com> <meta.lx@hotmail.com>
Alexandre Almeida <wilsalx@gmail.com> <wilson@wil-pc>
Andrés <andresbb@gmail.com>
Andrew Kelley <superjoe30@gmail.com> <andrew.r.kelley@gmail.com>
Andrew Kelley <superjoe30@gmail.com> <andy@debian.superjoesoftware>
anonymous <support@lmms.io> Locale updater <>
Arash Partow <arash@partow.net>
Arash Partow <arash@partow.net> <ArashPartow@users.noreply.github.com>
Arash Partow <arash@partow.net> <partow@gmail.com>
Artur Twardowski <32247490+artur-twardowski@users.noreply.github.com>
Artur Twardowski <32247490+artur-twardowski@users.noreply.github.com> <139768112+Artur-Twardowski-Mobica@users.noreply.github.com>
Cas Pascal <81458575+khoidauminh@users.noreply.github.com>
Colin Wallace <colin@mooooo.ooo> <wallacoloo@gmail.com>
CYBERDEViLNL <cyberdevilnl@protonmail.ch> <1148379+CYBERDEViLNL@users.noreply.github.com>
CYBERDEViLNL <cyberdevilnl@protonmail.ch> <cyberdevil@notabug.org>
CYBERDEViLNL <cyberdevilnl@protonmail.ch> <CYBERDEViLNL@github.com>
Cyp <cyp@wz2100.net> <48363+Cyp@users.noreply.github.com>
Dalton Messmer <messmer.dalton@gmail.com> <33463986+messmerd@users.noreply.github.com>
Dalton Messmer <messmer.dalton@gmail.com> <messmerd97@gmail.com>
Daniel Kauss Serna <daniel.kauss.serna@gmail.com>
Dave French <dave.french3@googlemail.com>
David Carlier <devnexen@gmail.com>
Dominic Clark <mrdomclark@gmail.com>
Fawn <rubiefawn@gmail.com> <ian.sannar@gmail.com>
follower <follower@rancidbacon.com> <github@rancidbacon.com>
grejppi <grejppi@gmail.com>
Hussam al-Homsi <sawuare@gmail.com> Hussam Eddin Alhomsi <hussameddin.alhomsi@gmail.com>
Hyunjin Song <tteu.ingog@gmail.com>
István Szabó <djpixus@gmail.com>
István Szabó <djpixus@gmail.com> <65627470+dj-pixus@users.noreply.github.com>
István Szabó <djpixus@gmail.com> <istvanszabo314@protonmail.com>
Janne Sinisalo <janne.m.sinisalo@gmail.com> <janne@janne-desktop.(none)>
Javier Serrano Polo <javier@jasp.net> <jasp00@terra.es>
Javier Serrano Polo <javier@jasp.net> <javier--IfwAyVwL9S8xJKrdU2QtlAdbjyPl9T@jasp.net>
Johannes Lorenz <j.git@lorenz-ho.me> <1042576+JohannesLorenz@users.noreply.github.com>
Johannes Lorenz <j.git@lorenz-ho.me> <johannes89@mailueberfall.de>
Jonathan Aquilina <eagles051387@gmail.com>
Joshua Wade <6700184+josh-audio@users.noreply.github.com> <qbgeekjtw@gmail.com>
Joshua Wade <6700184+josh-audio@users.noreply.github.com> <SecondFlight@users.noreply.github.com>
justnope <dont@email.invalid> <39016732+justnope@users.noreply.github.com>
justnope <dont@email.invalid> <46006588+justnope@users.noreply.github.com>
Kapandaria <dvoreader@gmail.com> <gnudles@users.noreply.github.com>
Karmo Rosental <karmo.rosental@gmail.com> <karmo@coolbet.com>
Kevin Zander <veratil@gmail.com>
Kumar <adityakumar4644@gmail.com>
Léo Andrès <leo@ndrs.fr>
Levin Oehlmann <irrenhaus3@gmail.com> <lv.oehlmann@gmail.com>
Lisa Magdalena Riedler <git@riedler.wien> <github@riedler.wien>
liushuyu <liushuyu011@gmail.com> <liushuyu_011@163.com>
LMMS Service Account <lmms.service@gmail.com>
Lost Robot <r94231@gmail.com> <34612565+DouglasDGI@users.noreply.github.com>
Lost Robot <r94231@gmail.com> <34612565+LostRobotMusic@users.noreply.github.com>
Lukas W <lukaswhl@gmail.com> <lukas@Lukass-iMac.fritz.box>
Lukas W <lukaswhl@gmail.com> <lukaswhl@googlemail.com>
Martin Pavelek <he29.HS@gmail.com> <he29.hs@gmail.com>
Martin Pavelek <he29.HS@gmail.com> <martin@he29.net>
midi-pascal <midi-pascal@videotron.ca> <midi-pascal@users.noreply.github.com>
midi-pascal <midi-pascal@videotron.ca> <pascal@TDE.(none)>
mikobuntu <chrissy.mc.1@hotmail.co.uk>
mikobuntu <chrissy.mc.1@hotmail.co.uk> <mikobuntu@mikobuntu-Aspire-5332.(none)>
Nia Alarie <nia@netbsd.org> <29542929+alarixnia@users.noreply.github.com>
Nia Alarie <nia@netbsd.org> <29542929+niacat@users.noreply.github.com>
Noah Brecht <noahb2713@gmail.com>
Olivier Humbert <trebmuh@tuxfamily.org> <trebmuh@users.noreply.github.com>
Paul Giblock <drfaygo@gmail.com> <p@pgiblock.net>
Paul Giblock <drfaygo@gmail.com> <pgib@users.sf.net>
Ra <symbiants@gmail.com>
Raine M. Ekman <raine@iki.fi> <raine@raine.(none)>
Raine M. Ekman <raine@iki.fi> <raine@raine.damex.fi>
Rebecca Noel Ati <rebeccadefield@gmail.com>
Ron U <sharpblade4@gmail.com>
Roshan M R <mrroshan127@gmail.com> <74815851+Rossmaxx@users.noreply.github.com>
Rüdiger Ranft <rudi@qzzq.de> <_rdi_@web.de>
Sotonye Atemie <sakertooth@gmail.com> <sakertooth@Gmail.com>
Spekular <Spekularr@gmail.com> <Spekular@users.noreply.github.com>
sqrvrt <75751809+SpomJ@users.noreply.github.com>
StakeoutPunch <ehr@ravemail.com> <StakeoutPunch@users.noreply.github.com>
Steffen Baranowsky <baramgb@freenet.de> <BaraMGB@freenet.de>
Thomas Clark <the.thomas.j.clark@gmail.com>
Thomas Clark <the.thomas.j.clark@gmail.com> <tjclark@wpi.edu>
Thomas Mueller <64359888+thmueller64@users.noreply.github.com>
Tobias Junghans <tobydox@veyon.io> <tobias.doerffel@gmail.com>
Tobias Junghans <tobydox@veyon.io> <totimaju@gmail.com>
Tres Finocchiaro <tres.finocchiaro@gmail.com>
Tres Finocchiaro <tres.finocchiaro@gmail.com> <tres@ubuntu-1204.(none)>
Tres Finocchiaro <tres.finocchiaro@gmail.com> <tresf@github.com>
Tres Finocchiaro <tres.finocchiaro@gmail.com> <ubuntu@ubuntu-1204.(none)>
unfa <unfa00@gmail.com> <unfa@unfa.(none)>
Vesa <contact.diizy@nbl.fi> <diizy@users.noreply.github.com>
Vesa <contact.diizy@nbl.fi> <vesa@isokone.(none)>
Wong Cho Ching <chwong249664@yahoo.com>
